{
   "routes" : [
      {
         "bounds" : {
            "northeast" : {
               "lat" : 19.0920682,
               "lng" : 73.8582605
            },
            "southwest" : {
               "lat" : 18.5206624,
               "lng" : 72.87766069999999
            }
         },
         "copyrights" : "Map data ©2014 Google",
         "legs" : [
            {
               "distance" : {
                  "text" : "152 km",
                  "value" : 151879
               },
               "duration" : {
                  "text" : "2 hours 27 mins",
                  "value" : 8800
               },
               "end_address" : "Mumbai, Maharashtra, India",
               "end_location" : {
                  "lat" : 19.0759902,
                  "lng" : 72.87766069999999
               },
               "start_address" : "Pune, Maharashtra, India",
               "start_location" : {
                  "lat" : 18.5206624,
                  "lng" : 73.8567415
               },
               "steps" : [
                  {
                     "distance" : {
                        "text" : "0.1 km",
                        "value" : 112
                     },
                     "duration" : {
                        "text" : "1 min",
                        "value" : 27
                     },
                     "end_location" : {
                        "lat" : 18.5207027,
                        "lng" : 73.8578071
                     },
                     "html_instructions" : "Head \u003cb\u003eeast\u003c/b\u003e toward \u003cb\u003eLaxmi Rd\u003c/b\u003e",
                     "polyline" : {
                        "points" : "ci`pBscxaM?y@AcAC_AAW"
                     },
                     "start_location" : {
                        "lat" : 18.5206624,
                        "lng" : 73.8567415
                     },
                     "travel_mode" : "DRIVING"
                  },
                  {
                     "distance" : {
                        "text" : "0.1 km",
                        "value" : 113
                     },
                     "duration" : {
                        "text" : "1 min",
                        "value" : 21
                     },
                     "end_location" : {
                        "lat" : 18.5214838,
                        "lng" : 73.8583361
                     },
                     "html_instructions" : "Turn \u003cb\u003eleft\u003c/b\u003e onto \u003cb\u003eLaxmi Rd\u003c/b\u003e",
                     "maneuver" : "turn-left",
                     "polyline" : {
                        "points" : "ki`pBijxaM]IGCGECEOWCGCAAAGCG?i@EIACACCAC?EAO"
                     },
                     "start_location" : {
                        "lat" : 18.5207027,
                        "lng" : 73.8578071
                     },
                     "travel_mode" : "DRIVING"
                  },
                  {
                     "distance" : {
                        "text" : "49 m",
                        "value" : 49
                     },
                     "duration" : {
                        "text" : "1 min",
                        "value" : 14
                     },
                     "end_location" : {
                        "lat" : 18.5219243,
                        "lng" : 73.8582708
                     },
                     "html_instructions" : "Turn \u003cb\u003eleft\u003c/b\u003e onto \u003cb\u003eDagadi Pool Rd\u003c/b\u003e",
                     "maneuver" : "turn-left",
                     "polyline" : {
                        "points" : "gn`pBsmxaMwAL"
                     },
                     "start_location" : {
                        "lat" : 18.5214838,
                        "lng" : 73.8583361
                     },
                     "travel_mode" : "DRIVING"
                  },
                  {
                     "distance" : {
                        "text" : "0.3 km",
                        "value" : 311
                     },
                     "duration" : {
                        "text" : "1 min",
                        "value" : 41
                     },
                     "end_location" : {
                        "lat" : 18.5215775,
                        "lng" : 73.8553548
                     },
                     "html_instructions" : "Take the 1st \u003cb\u003eleft\u003c/b\u003e onto \u003cb\u003eAgarwal Rd\u003c/b\u003e",
                     "polyline" : {
                        "points" : "_q`pBemxaM@TDb@Dn@Dj@?H@nA?HBl@Bd@Db@Bp@?V@H@JDNJb@BJ@J@JA\\"
                     },
                     "start_location" : {
                        "lat" : 18.5219243,
                        "lng" : 73.8582708
                     },
                     "travel_mode" : "DRIVING"
                  },
                  {
                     "distance" : {
                        "text" : "26 m",
                        "value" : 26
                     },
                     "duration" : {
                        "text" : "1 min",
                        "value" : 29
                     },
                     "end_location" : {
                        "lat" : 18.5214463,
                        "lng" : 73.8551466
                     },
                     "html_instructions" : "Slight \u003cb\u003eleft\u003c/b\u003e onto \u003cb\u003eVeer Santaji Ghorpade Rd\u003c/b\u003e",
                     "maneuver" : "turn-slight-left",
                     "polyline" : {
                        "points" : "{n`pB}zwaMXf@"
                     },
                     "start_location" : {
                        "lat" : 18.5215775,
                        "lng" : 73.8553548
                     },
                     "travel_mode" : "DRIVING"
                  },
                  {
                     "distance" : {
                        "text" : "0.2 km",
                        "value" : 243
                     },
                     "duration" : {
                        "text" : "1 min",
                        "value" : 33
                     },
                     "end_location" : {
                        "lat" : 18.5234665,
                        "lng" : 73.8542609
                     },
                     "html_instructions" : "Turn \u003cb\u003eright\u003c/b\u003e at \u003cb\u003eDr. Hegdewar Chowk\u003c/b\u003e onto \u003cb\u003eShivaji Bridge\u003c/b\u003e",
                     "maneuver" : "turn-right",
                     "polyline" : {
                        "points" : "an`pBuywaMMDcH`CC@G@MDE@GBIBA@m@R"
                     },
                     "start_location" : {
                        "lat" : 18.5214463,
                        "lng" : 73.8551466
                     },
                     "travel_mode" : "DRIVING"
                  },
                  {
                     "distance" : {
                        "text" : "0.9 km",
                        "value" : 881
                     },
                     "duration" : {
                        "text" : "2 mins",
                        "value" : 144
                     },
                     "end_location" : {
                        "lat" : 18.5297589,
                        "lng" : 73.8498025
                     },
                     "html_instructions" : "Continue onto \u003cb\u003eशिवाजी रस्ता/MH SH 114\u003c/b\u003e\u003cdiv style=\"font-size:0.9em\"\u003eContinue to follow MH SH 114\u003c/div\u003e",
                     "polyline" : {
                        "points" : "uz`pBctwaMiGtB?@?@A@C@GDaDdA[Jg@b@a@`@_@b@]`@Yb@[d@QZIRIRg@lAM\\KR[p@o@p@GFEB]TOFe@Tq@^[N_@JWJWFYHUDW@W@_@@a@@"
                     },
                     "start_location" : {
                        "lat" : 18.5234665,
                        "lng" : 73.8542609
                     },
                     "travel_mode" : "DRIVING"
                  },
                  {
                     "distance" : {
                        "text" : "0.3 km",
                        "value" : 299
                     },
                     "duration" : {
                        "text" : "1 min",
                        "value" : 32
                     },
                     "end_location" : {
                        "lat" : 18.5307342,
                        "lng" : 73.8473341
                     },
                     "html_instructions" : "Turn \u003cb\u003eleft\u003c/b\u003e onto \u003cb\u003eGaneshkhind Rd\u003c/b\u003e",
                     "maneuver" : "turn-left",
                     "polyline" : {
                        "points" : "_bbpBgxvaMc@FODIDGFSTq@zEq@hECT"
                     },
                     "start_location" : {
                        "lat" : 18.5297589,
                        "lng" : 73.8498025
                     },
                     "travel_mode" : "DRIVING"
                  },
                  {
                     "distance" : {
                        "text" : "0.5 km",
                        "value" : 500
                     },
                     "duration" : {
                        "text" : "1 min",
                        "value" : 35
                     },
                     "end_location" : {
                        "lat" : 18.5320978,
                        "lng" : 73.84282039999999
                     },
                     "html_instructions" : "Continue onto \u003cb\u003eAgriculture College Flyover\u003c/b\u003e",
                     "polyline" : {
                        "points" : "ahbpByhvaMCLSfAQdAcA|F_@|B?@m@rCe@lBQr@KRQ`@"
                     },
                     "start_location" : {
                        "lat" : 18.5307342,
                        "lng" : 73.8473341
                     },
                     "travel_mode" : "DRIVING"
                  },
                  {
                     "distance" : {
                        "text" : "1.6 km",
                        "value" : 1583
                     },
                     "duration" : {
                        "text" : "3 mins",
                        "value" : 167
                     },
                     "end_location" : {
                        "lat" : 18.5407157,
                        "lng" : 73.83087809999999
                     },
                     "html_instructions" : "Continue onto \u003cb\u003eGaneshkhind Rd\u003c/b\u003e",
                     "polyline" : {
                        "points" : "spbpBsluaMINS\\i@bAg@~@SVmAvBiAjBcBrCeBvC}AdCaBjCwB~CqAbB]b@u@jAg@r@oCnD{BxCKNIJc@f@i@z@CF_BhCaBhCkAlBmAjB"
                     },
                     "start_location" : {
                        "lat" : 18.5320978,
                        "lng" : 73.84282039999999
                     },
                     "travel_mode" : "DRIVING"
                  },
                  {
                     "distance" : {
                        "text" : "0.3 km",
                        "value" : 259
                     },
                     "duration" : {
                        "text" : "1 min",
                        "value" : 24
                     },
                     "end_location" : {
                        "lat" : 18.5420599,
                        "lng" : 73.82887339999999
                     },
                     "html_instructions" : "Continue straight onto \u003cb\u003eUniversity Flyover\u003c/b\u003e",
                     "maneuver" : "straight",
                     "polyline" : {
                        "points" : "ofdpB_bsaMS^SZMRABwA`C{BzD"
                     },
                     "start_location" : {
                        "lat" : 18.5407157,
                        "lng" : 73.83087809999999
                     },
                     "travel_mode" : "DRIVING"
                  },
                  {
                     "distance" : {
                        "text" : "2.3 km",
                        "value" : 2257
                     },
                     "duration" : {
                        "text" : "3 mins",
                        "value" : 194
                     },
                     "end_location" : {
                        "lat" : 18.5500025,
                        "lng" : 73.80951680000001
                     },
                     "html_instructions" : "Slight \u003cb\u003eleft\u003c/b\u003e onto \u003cb\u003eBaner Rd\u003c/b\u003e",
                     "maneuver" : "turn-slight-left",
                     "polyline" : {
                        "points" : "{ndpBmuraMWtCg@fEI~AIn@G^G`@ENGNYd@a@b@sB`BKHIJKNa@n@gBpCkC`EILQ\\Qn@Mf@WxAc@nBg@nBCJe@fBg@~AqAjEK^Or@Gb@E\\]|BCPYjBKd@Ur@oAnE]fA[bAK\\i@`Ba@pAcBjFo@zBs@xBk@vB[hAUhAEP"
                     },
                     "start_location" : {
                        "lat" : 18.5420599,
                        "lng" : 73.82887339999999
                     },
                     "travel_mode" : "DRIVING"
                  },
                  {
                     "distance" : {
                        "text" : "1.4 km",
                        "value" : 1438
                     },
                     "duration" : {
                        "text" : "2 mins",
                        "value" : 130
                     },
                     "end_location" : {
                        "lat" : 18.5548948,
                        "lng" : 73.79765259999999
                     },
                     "html_instructions" : "Continue onto \u003cb\u003eBaner-Aundh Rd\u003c/b\u003e",
                     "polyline" : {
                        "points" : "o`fpBo|naMObAMfAq@hHUtCCXOvAId@GVGTSf@a@bAQ^[d@MPOTSXMLo@t@{@t@MNKLUTYVg@f@c@h@MNKJIHIFYTOHQLWPCBo@f@[^QTA?QVe@r@QXIPGJO\\CDGRGTWjASp@GVOd@CNCNAP?R@d@LvAFr@B\\?rD"
                     },
                     "start_location" : {
                        "lat" : 18.5500025,
                        "lng" : 73.80951680000001
                     },
                     "travel_mode" : "DRIVING"
                  },
                  {
                     "distance" : {
                        "text" : "3.9 km",
                        "value" : 3933
                     },
                     "duration" : {
                        "text" : "6 mins",
                        "value" : 351
                     },
                     "end_location" : {
                        "lat" : 18.5693553,
                        "lng" : 73.76530199999999
                     },
                     "html_instructions" : "Continue onto \u003cb\u003eBaner Rd\u003c/b\u003e",
                     "polyline" : {
                        "points" : "a_gpBirlaM?T@jB?d@?\\A`@ANCLOp@ITOb@Qb@Q\\U\\]b@]b@_@\\e@^e@Xs@d@]ROLeAt@e@`@UVOPQVUXEFa@p@a@p@U^[j@]l@i@`A]p@M\\IPGVIVGZOj@Mr@Kb@Od@GRGTKZO`@KVGNGLGLa@r@IPKRILGHGFGFGDKJOJIFGHQR]`@QRSVMRMRQVQZGNGLIRENGZCLAH?J?H?F?p@?\\?LALAJIn@E\\CTCRAVCd@AXCVARCL?BEPENGNININKLIJKJOLWLYJ[LMDKFMFKHIFIFWZo@z@m@v@KNIJGNGNGLCJENYnAQv@ADMp@CVCPANALAR?^?hACpC?p@A|A@|@@P@Z@z@?|@?XANAXA\\C`@IdAQvB?NIt@If@Ih@GZIb@S|@Qp@Qh@w@rCABOj@[jAU~@e@xAENGPi@|AIX[`AGT_@rAEPm@bCg@zBKZOp@KZMXMPc@`@g@ZMFc@LSJQNKJGLi@fAo@tA_@v@MVCFk@lAsAdD"
                     },
                     "start_location" : {
                        "lat" : 18.5548948,
                        "lng" : 73.79765259999999
                     },
                     "travel_mode" : "DRIVING"
                  },
                  {
                     "distance" : {
                        "text" : "10.8 km",
                        "value" : 10844
                     },
                     "duration" : {
                        "text" : "12 mins",
                        "value" : 713
                     },
                     "end_location" : {
                        "lat" : 18.6609538,
                        "lng" : 73.7301629
                     },
                     "html_instructions" : "Slight \u003cb\u003eright\u003c/b\u003e to merge onto \u003cb\u003eMumbai Pune Bypass Rd/AH 47/NH 4\u003c/b\u003e",
                     "polyline" : {
                        "points" : "oyipBchfaMQDeFrAA?mAVs@HkBJIAG?IEc@LsPpEa@LeBf@q@RgUfGmEjAoL`DgBh@cJfCiGbBaGzAwGhBeCr@sBl@uGfBaAVIBC?A@E@C?A@C?[J_@Js@R}@Vw@R{@TQDgAZwA^kD`AwA`@sA^i@NsBj@eBd@aHfBqF|AwElAmBh@gBh@kLbDmAZoAZ[H?@E?QDA@MBC?_@HqD~@wFzAE@}A`@m@NiG~AA@gGdByCx@iBh@{A`@qCx@YH_Dv@yCt@qA\\y@V_HrBuHbCaHtBQFYHs@RA@MBy@V_FzA]JeDbAsBn@oFzAeElAgF|AsBl@eElAg@NqA^mF~AyJtCuBn@eDz@]JMDGBm@P{DhAe@N_GbBeI~BkGhB_HnBeJhCuBn@}@ZuA`@gBl@sI`C_GhB_FtA{Ah@oCv@yDhA_GbBwDlAiA\\yAb@uHtBIBqFjBUFmJpCiEpAODC@i@P{@V{@X"
                     },
                     "start_location" : {
                        "lat" : 18.5693553,
                        "lng" : 73.76530199999999
                     },
                     "travel_mode" : "DRIVING"
                  },
                  {
                     "distance" : {
                        "text" : "63.1 km",
                        "value" : 63148
                     },
                     "duration" : {
                        "text" : "46 mins",
                        "value" : 2732
                     },
                     "end_location" : {
                        "lat" : 18.8110167,
                        "lng" : 73.2789911
                     },
                     "html_instructions" : "Slight \u003cb\u003eleft\u003c/b\u003e to merge onto \u003cb\u003eMumbai - Pune Expy\u003c/b\u003e\u003cdiv style=\"font-size:0.9em\"\u003ePartial toll road\u003c/div\u003e",
                     "polyline" : {
                        "points" : "}u{pBol_aMGHQVY^S\\ABe@v@q@lAw@xA]n@MRO^]fAOl@EXGlAErACnAE`BGbBW~HGpBCfBCnACjCAz@E~J?zQAz@?z@A`CCpEA~AIxBUdBObAOz@Mh@}@|Ba@r@s@zAeBtB}BxB_DnCeBzA{GzFuFtEA@A?GFA@eJvHYR?@CBA?UTmCbC_O~LyLhKuCzBaGjFaInG}DjD}B~B_BdBgAtAGHIJ_DxDcKvM_GrHGHiB~BcCdDwCpD_BhBcAbAgA|@}AfAiAr@{BdA_ElBiChAgGfCWJEBE@g@TkGnCaLvEQF{FtB}D~AoCrAMH}BfBqBtBg@n@i@v@}@~Ag@hAQb@?@ELA@Wz@aAfE]zCI~B?dDHxA\\xEFpBBbA@rBAz@OjCQdBYrA[zAe@~AkAnD{ArEcBxEaHxSi@vA?BmD~JeB`F{EdN{G`SaEbMQf@s@xBY|@Y|@{@~CiB|EyBpFaAtCsDlKgAvEi@`EQnD@j@?BBxBLlBZ~CXdB`CrPlDhVNv@rBfOjDfV~AtJt@tDf@nBTfAp@|BhAbEbBhFpAhEdA~Dz@tEj@bEH|@t@zGr@xFb@rDp@~DbCtLb@tBlAtGpBtK^bB~@vEhDrPr@fE`@fG@xFIfBOjBUdCq@zFo@xEwCvVmFxb@mA~JaHbk@kAnJc@`DeAtFaA|C}@vBoBrDeBdC{FlIOP_DhE_RpXMPEFSZmFrH_JnMgMnR}AxBkBbE_ErI{ItQs@nAw@lA_FbH_BpBIJaA~AoLbSiChDwQlLa@ReBr@{Ab@_B^}BZiBJeDJqFNoKXkALqBToC\\wA`@uA\\kBl@}Bv@aBp@sBbAgBlAkB|A}AvAsAtAqAhBcAzAmAxBcAlBa@bAg@vAc@|Ak@pBYrAUtAUvAOpA?DAHKlBElB?@ExA?fB@fCLpBFn@NzA^~BtB`LnA`HN|@r@vEfK`l@pDd\\H|@?BJ|@fAlL`H|p@`Ena@h@pF`@vDhE~a@rAbM`Dr[z@|HTnATjA|@hE|CfMbC`KlB`IfArEfAlEV`AlAnFfApEfBtHbAfEfAhExApGz@pDNt@l@|BpAnFrAtFh@~Bd@nCPfBL~C@tAEtAOfC?BGz@i@tCaCvJq@nCADGX?@Qp@ENe@vBOz@K~@OnAE|AErA@tD@rBT|J@t@A|AARAVCXCTMn@WvAWx@m@vA]h@_@`@a@h@y@x@q@d@k@Vs@XmA`@s@P_AJw@B{@BgAAe@G}@KYEKC[CAAA?KAIAYCeHu@mMgB_Da@_Dc@eNaBqBSo@IgBCgADu@LoAR_Cj@iErAkIlCeCn@{@J}@F}@BqA?gHF[?YAq@AM?W?iBAA?g@?a@@e@@]D_@Je@PWNWRQPQPKNIJOVIZIXG^G^[pC[lCWfCOtAMtAqA`KcApFaAtDk@dBcAfC{@zBc@lASl@c@rAo@xBm@rBk@fB_CxG{@pB?BMZCHA?Uj@CDMVkAhCy@bBcC|EqCzFeDpHM\\IXKXYdAU~@_@jBYxAi@zC]jBMr@Kn@Kv@Ad@AX?dADpADnA@~@?`ACn@IvAEz@GlAIvACjACjA?pABxC?@@PLxCLdDb@zJJvBFhAJ~AXtBXvBV~APpARdAT|@^`A^x@h@v@b@j@f@j@d@`@z@p@rBbA`A^@?~Al@\\Ll@V`Af@d@Z^XZ^^`@dAfAj@d@^Vd@Td@Vx@ZdAf@j@b@XXXZ\\h@Vj@HV@B@BDLVx@Jb@^pAz@dDh@pBT~@L~@J`AJz@D`@Nv@L^RZTb@l@l@`@^HJFFJJb@h@h@j@xAdBzC|CLPDFLb@DX?v@I`@K^}@zB]z@O\\Sh@A@ABUn@Qh@EP?@ADA@GZCTE^Cd@?V@`@Dn@H\\^z@V`@JPP\\Hh@Bb@Gd@M^OZOJULKDUBc@DqC^gHz@_C^mBn@mEdAgFlA[NWPMNYTu@`@uB`AoAj@c@RSLyAx@kCbAaHdCoEzBw@j@a@\\[X[b@Sf@Kj@Eh@?l@LnFKtA?VBVFTDNDJLNd@f@v@z@b@^ZTx@Xl@Tn@TfAp@t@Zn@Pp@Vp@ZZZxDfEb@f@@DBH@F?D?HAJELGL?BELCP?JDPNZ`@j@jAfBh@|ATvALz@Jx@Nl@LZZn@`@j@r@d@jA\\r@LzEvAt@`@f@l@Pp@@p@?n@Ij@S\\m@p@a@Ng@Jg@B_@Cc@Kg@Ua@[]YU]e@u@[g@g@}@US_AwAi@w@q@kA_@y@c@cAs@{Ao@iAk@s@uB}BwAgA{A}@_CeAqEkBYQiCsA_AUYBSFYLSRQVIZGh@Fb@BHHT`@b@bBz@jEfBnCnA~@d@PLRVPTLVJZJ^Np@Fb@Tl@^l@dCbBzCtBnAbA|AtA~AbBxBbCT\\Th@Hb@B^?RAHMh@[d@}@j@w@XWNKJIPCJAH?HBNBLDLHJ~@l@vAx@jBt@VLVTLRLXNf@`@`Ah@~@dBrCZn@Nf@DRATCTCPINQ\\UTg@^mNzHg@Vi@Ng@Hy@Hk@@q@@sFDiJjAiAR_@RKJSTU`@Qt@Eb@A`@BZFZJ^JRdAlAz@v@|AzAbBjB|@fAdAjARVJXBNBP@XA\\AR?FCHAFCDOVu@l@kA~@_Az@oAnAo@t@a@r@KPSd@[v@_@tA?BABABS|@gApG{BnKeBhHg@dCo@bDUlAIj@Kv@Cp@Ap@@v@Dx@Dd@Fr@Hd@P|@h@~B\\jBL~@Dh@Dd@@lAGdBGz@U|A[jASl@m@fAiA|AuAlAcB~@aBr@aC`AsB|@wC|Au@l@a@b@y@bA]h@e@v@mAdCkAnC{AvCmBfDcBjCoAbBqArAuAfAqBdAiC~@s@^uEjBgChAiB~@aAj@_An@yAfA]ZiAfAe@h@YZSXY\\[d@Y`@Wf@[n@KPO\\[|@?@Ul@Sl@CFW|@]lA}DlPoBdIEPsAtFeAjEaHvXmBfIa@dB}CdMYtAQn@[r@]|@Ud@[j@Wd@Y`@A@KNsAdBg@h@w@v@_@Z_@Xq@j@u@d@_Aj@u@`@cIlEoEbCaPnIcMzGYNA?WL_QhJsPdJ{@h@"
                     },
                     "start_location" : {
                        "lat" : 18.6609538,
                        "lng" : 73.7301629
                     },
                     "travel_mode" : "DRIVING"
                  },
                  {
                     "distance" : {
                        "text" : "1.6 km",
                        "value" : 1600
                     },
                     "duration" : {
                        "text" : "1 min",
                        "value" : 68
                     },
                     "end_location" : {
                        "lat" : 18.8202069,
                        "lng" : 73.26754369999999
                     },
                     "html_instructions" : "Continue onto \u003cb\u003eMumbai - Pune Expy/National Highway 4\u003c/b\u003e\u003cdiv style=\"font-size:0.9em\"\u003eToll road\u003c/div\u003e",
                     "polyline" : {
                        "points" : "{_yqBuhg~LuFrCmDxBqCdCaBpBgDrFoDvG{CbFyInOmFpJyAxB"
                     },
                     "start_location" : {
                        "lat" : 18.8110167,
                        "lng" : 73.2789911
                     },
                     "travel_mode" : "DRIVING"
                  },
                  {
                     "distance" : {
                        "text" : "29.8 km",
                        "value" : 29813
                     },
                     "duration" : {
                        "text" : "20 mins",
                        "value" : 1212
                     },
                     "end_location" : {
                        "lat" : 19.0201278,
                        "lng" : 73.1031941
                     },
                     "html_instructions" : "Continue onto \u003cb\u003eMumbai - Pune Expy\u003c/b\u003e\u003cdiv style=\"font-size:0.9em\"\u003ePartial toll road\u003c/div\u003e",
                     "polyline" : {
                        "points" : "iyzqBcae~L[h@e@j@c@d@{@x@]Xi@b@m@^}DdCg@XCBOHa@TkEjCkHjEcAt@WRmBlBc@d@iBlCeAzBmAbDqHxUkBdGmBfGaA|C{@nBWf@c@v@{@hAmJdN[d@uChEKPwNlT}BhDMPA@AB_@j@KLoJzNkBjCiCvDcFhIq@dAoEpGmErGUX}HxKcBvBcB`B{AnA_An@i@Xu@\\uB`Ao@XC@EBe@TcBx@eBz@kEtB}E|BqFjCkI|DwCpAcBv@_IpD{FlCeD`Bs@ZaD|A{BbAYLUHC@yDjBSJQHOH}F|C_`@nQiEpBu[jOsI`EeXpMeM`Gc@R?@yNzGoUzKa@PkGxC{GdDcEhBoC~@kEfAeDt@}EhAgExAcB|@C@EBg@\\cCxBwBxC_HzNk@rAuOt]mDdIcAbC_I`QeCzFWj@ITc@`AuB`FAByDvHcB`DwBfDkFvHwEvGmNtOmNtOUZ_EjFgC~CmBfBqBxBaRhSyBfBuDxC{EnDqCfCoFlFiAfAURUTm@l@}FhEmAp@gBbAoGrCgDdAkIhBsF`A}E~@m@JaRnDM@E@UDKBmI`BkGhAaMzByDr@gDp@mBT_CPoADgEG{BUgB[]GYGCAwCu@qIeCqDaAiBi@c@MeAYaEgA}KyCoHqB{GiBuEoAy@SaC_@mBOuA@mBHmBT[HE@WH}@X{Ar@i@Z[VyAlAaAv@y@r@}@x@k@j@eCpBwDlDeDpCoC`CsBbBqOvMwPbOsJnIc@^a@`@sX~U}CrCoE~DeB~AkC|BeBzA}BnBaBtAONa@\\_@^kCrCiDfEaD`EsCjDqCfDeAjA]`@c@j@k@r@mBbCiAlAc@f@UPA@w@l@y@h@[N_@RIDIBm@TkC~@}@\\_A`@[NEBWJQHIDIBc@\\A@u@n@aD~CyG`HkCfCkDlDcDfDoDpDoEpEgFhFgFdFiAhAe@d@?@QTgC`CcAjA_AnAk@x@EDS^A@MTGLyBjEiBlD_B`Dq@tAYr@Wj@S^c@v@eHrNqAlC[p@A?]r@y@xBY~@k@nBuB~Gk@dB?@ADSl@k@xAABILc@dAo@lA_@j@cAjBs@hAq@hAmAvB"
                     },
                     "start_location" : {
                        "lat" : 18.8202069,
                        "lng" : 73.26754369999999
                     },
                     "travel_mode" : "DRIVING"
                  },
                  {
                     "distance" : {
                        "text" : "13.0 km",
                        "value" : 13015
                     },
                     "duration" : {
                        "text" : "14 mins",
                        "value" : 846
                     },
                     "end_location" : {
                        "lat" : 19.0613649,
                        "lng" : 73.01912249999999
                     },
                     "html_instructions" : "Continue onto \u003cb\u003eSion - Panvel Expy\u003c/b\u003e",
                     "polyline" : {
                        "points" : "yzasB}}d}LgFrH_AxAuBbD?@A@MR_@j@iEzGkKpQCDeDzEaAxASTw@bAeBnCyBtDiJxOy@tAeBjCoJ~OIPKPaAtBKTeAvB}@xAi@v@_ExGuCdEY`@]h@oApBeG~J_AdBa@hAWz@OfAEt@@|@Bx@@JFz@Np@LXvArCpEtHlDvFnChEz@nAbA|AbGnKXf@hCfELR@@Zh@V`@xKzQxDnGfIzMFHtAzBDH\\h@@BBDZf@lB~CJPJPnGhKx@pAt@pA`AvBtAdD\\t@n@|A`AtC\\vANlAH|A@|@KvBw@~IIlAOvAg@fF[bEAl@q@fJSxBOnAO|@ABM`@?@ELQb@QXCFKPCDQXaB|ByBxCcBnBONKHUPm@x@[^QPEDKL_A`AgG~HMN{GrHKJQ^MXKXGTEX?T?P?PBXD^Lz@Hh@Fd@@P?P@N?V?TE`@CXIVU`@SXWT]Pg@PSDc@FmBLaALmDVaBLi@DkM`AsIp@YB}XnBwBPm@Fe@L_AX_@Rc@Vc@\\m@d@u@j@o@j@aCrBsCxBqDzCgA|@KHEDA?GFGFyDdDsL|J{CxC}@x@QNOLGF[RSP]XyBhBc@Xw@\\q@TUD]Fg@D_@BmABuA@iH@mGB[@eMXcDFcABsBE"
                     },
                     "start_location" : {
                        "lat" : 19.0201278,
                        "lng" : 73.1031941
                     },
                     "travel_mode" : "DRIVING"
                  },
                  {
                     "distance" : {
                        "text" : "13.7 km",
                        "value" : 13664
                     },
                     "duration" : {
                        "text" : "17 mins",
                        "value" : 1022
                     },
                     "end_location" : {
                        "lat" : 19.0703228,
                        "lng" : 72.90758880000001
                     },
                     "html_instructions" : "Take the exit to stay on \u003cb\u003eSion - Panvel Expy\u003c/b\u003e\u003cdiv style=\"font-size:0.9em\"\u003ePartial toll road\u003c/div\u003e\u003cdiv style=\"font-size:0.9em\"\u003ePass by Mangal Murti Apartment (on the left in 9.9&nbsp;km)\u003c/div\u003e",
                     "maneuver" : "ramp-left",
                     "polyline" : {
                        "points" : "o|isBopt|L_CF}EJiHHqGBmA@i@JA?UNUPMVGXEXCRK`@?PCd@Cv@W~IADw@nUm@zQAXAV?BAZMxCANCt@EjBAtBKfJA|@AZAXGrBInDCj@Ep@?F?@AR?BABCh@GvAa@hEEt@ALAPE`A_@pJ?TCd@?@AVG|Am@fQCbCS`CKpCUvFQnFIjAMxDCz@?@A\\AL?R?VBTBRDZH`@Pj@Nh@^v@V^V\\TTb@`@b@^f@^|PtQb@l@|AjC\\p@bAlCp@zBhAtFN~@ZrBZvB^fC\\hC\\|BZtBZvBXjBT~AZxB`@jCd@hDh@lD`@pC\\~BPpAbBjLtB`NjBdMDVHj@f@dDh@dDhA~IH\\Jf@rB`IbCnJv@~CdMnf@Vp@|AbG|GdXj@pBRp@P`@Vn@pExPUFSFODo@RaI|EMHSLGDEBGFKH}@p@_Av@OJ_At@YRWVKLORCBS^[b@i@|@]h@EFQ^KPITMX?@MZITCHGPITI\\Kj@Ih@Gd@CRAJUnDEf@OpCCXANAJG\\IZK`@Qb@cCzFqCvGsD~IO\\?@GJAFCDMZ{AtDUh@Od@Wn@sB`FkArCSd@KZCFM^Od@sBrGc@vAsA~D[`AGTIZMh@Or@ALUrAG^Gb@Ir@WvA?@AD]lBUjASz@KZK^IXOZMTKPS\\SZGJOR_@f@oAtAONONQPOLOJA@QLSJULSLUHOF[JWHYHYFI@SB]De@De@BkCNOB]B_@Bc@H_@Ja@L[J]PUL]RYR[VUTWVOTUXU`@KXK\\IZGX?BI^"
                     },
                     "start_location" : {
                        "lat" : 19.0613649,
                        "lng" : 73.01912249999999
                     },
                     "travel_mode" : "DRIVING"
                  },
                  {
                     "distance" : {
                        "text" : "69 m",
                        "value" : 69
                     },
                     "duration" : {
                        "text" : "1 min",
                        "value" : 17
                     },
                     "end_location" : {
                        "lat" : 19.0707829,
                        "lng" : 72.90715519999999
                     },
                     "html_instructions" : "Continue onto \u003cb\u003eJeejabai Bhosle Marg\u003c/b\u003e",
                     "polyline" : {
                        "points" : "otksBmw~{LEHEFGHKFMJMHMJ?@A?A@MJ"
                     },
                     "start_location" : {
                        "lat" : 19.0703228,
                        "lng" : 72.90758880000001
                     },
                     "travel_mode" : "DRIVING"
                  },
                  {
                     "distance" : {
                        "text" : "0.3 km",
                        "value" : 272
                     },
                     "duration" : {
                        "text" : "1 min",
                        "value" : 28
                     },
                     "end_location" : {
                        "lat" : 19.0722219,
                        "lng" : 72.90924200000001
                     },
                     "html_instructions" : "Turn \u003cb\u003eright\u003c/b\u003e toward \u003cb\u003eEastern Express Hwy\u003c/b\u003e",
                     "maneuver" : "turn-right",
                     "polyline" : {
                        "points" : "kwksBwt~{LOUKOKMi@_Ai@_AS_@_@s@cA}Ak@y@"
                     },
                     "start_location" : {
                        "lat" : 19.0707829,
                        "lng" : 72.90715519999999
                     },
                     "travel_mode" : "DRIVING"
                  },
                  {
                     "distance" : {
                        "text" : "1.4 km",
                        "value" : 1398
                     },
                     "duration" : {
                        "text" : "2 mins",
                        "value" : 90
                     },
                     "end_location" : {
                        "lat" : 19.0812356,
                        "lng" : 72.9184266
                     },
                     "html_instructions" : "Continue straight onto \u003cb\u003eEastern Express Hwy\u003c/b\u003e",
                     "maneuver" : "straight",
                     "polyline" : {
                        "points" : "k`lsBwa_|LcAwAcAyAs@_AkFaIc@q@e@m@c@i@[a@k@o@e@g@A?CE{DqD_FcEwE}DqDuCcAw@{@q@UQeEiD"
                     },
                     "start_location" : {
                        "lat" : 19.0722219,
                        "lng" : 72.90924200000001
                     },
                     "travel_mode" : "DRIVING"
                  },
                  {
                     "distance" : {
                        "text" : "0.4 km",
                        "value" : 417
                     },
                     "duration" : {
                        "text" : "1 min",
                        "value" : 37
                     },
                     "end_location" : {
                        "lat" : 19.0841882,
                        "lng" : 72.9208435
                     },
                     "html_instructions" : "Take the exit toward \u003cb\u003eLink Rd\u003c/b\u003e",
                     "maneuver" : "ramp-left",
                     "polyline" : {
                        "points" : "wxmsBe{`|LGAG?CAEACAECEACCi@a@c@YQM_FcE_FaE"
                     },
                     "start_location" : {
                        "lat" : 19.0812356,
                        "lng" : 72.9184266
                     },
                     "travel_mode" : "DRIVING"
                  },
                  {
                     "distance" : {
                        "text" : "1.3 km",
                        "value" : 1343
                     },
                     "duration" : {
                        "text" : "3 mins",
                        "value" : 178
                     },
                     "end_location" : {
                        "lat" : 19.0920682,
                        "lng" : 72.9116672
                     },
                     "html_instructions" : "Turn \u003cb\u003eleft\u003c/b\u003e onto \u003cb\u003eLink Rd\u003c/b\u003e",
                     "maneuver" : "turn-left",
                     "polyline" : {
                        "points" : "eknsBgja|L}KtGuDvBcBdAa@RIFi@\\[TQPQPUVSXqAfBSZQZILKRELMVIRc@lA[|@Yp@CHQ^SZA?mArAUX]`@QTUZGFGJKTMVITIRMb@ABM^{@rC_@rA[pA"
                     },
                     "start_location" : {
                        "lat" : 19.0841882,
                        "lng" : 72.9208435
                     },
                     "travel_mode" : "DRIVING"
                  },
                  {
                     "distance" : {
                        "text" : "4.3 km",
                        "value" : 4278
                     },
                     "duration" : {
                        "text" : "10 mins",
                        "value" : 610
                     },
                     "end_location" : {
                        "lat" : 19.0760647,
                        "lng" : 72.87754839999999
                     },
                     "html_instructions" : "Turn \u003cb\u003eleft\u003c/b\u003e onto \u003cb\u003eLal Bahadur Shastri Rd\u003c/b\u003e",
                     "maneuver" : "turn-left",
                     "polyline" : {
                        "points" : "m|osB}p_|Lf@ZPNp@f@LLDDJLHJPVfAnBV`@PXjDbGLRjA|BTh@BFZl@lAjBhAzAPZJRJb@VvAHz@ThBR`B~@~Ib@zE^dED^t@pG@P`@tDNbBJt@b@fD@BNn@R`APx@DRx@tD@FTz@n@bCp@jCPr@F\\Nv@Rx@?BJh@Fr@DdA?HAh@Ax@UlEAXOnC?FALE`ACXIfAIhACt@Ah@@b@Fn@Jj@ZfAv@|CtB`I@DRj@NXLNHJRPRNHBjBz@XJVJj@VLDlClAz@`@pHxEn@h@B@rIdGDBrBzAl@b@n@d@`@Zr@f@f@Z"
                     },
                     "start_location" : {
                        "lat" : 19.0920682,
                        "lng" : 72.9116672
                     },
                     "travel_mode" : "DRIVING"
                  },
                  {
                     "distance" : {
                        "text" : "14 m",
                        "value" : 14
                     },
                     "duration" : {
                        "text" : "1 min",
                        "value" : 5
                     },
                     "end_location" : {
                        "lat" : 19.0759902,
                        "lng" : 72.87766069999999
                     },
                     "html_instructions" : "Turn \u003cb\u003eleft\u003c/b\u003e onto \u003cb\u003eCST Rd/Tamasi Bandat Rd\u003c/b\u003e",
                     "maneuver" : "turn-left",
                     "polyline" : {
                        "points" : "kxlsBu{x{LLU"
                     },
                     "start_location" : {
                        "lat" : 19.0760647,
                        "lng" : 72.87754839999999
                     },
                     "travel_mode" : "DRIVING"
                  }
               ],
               "via_waypoint" : []
            }
         ],
         "overview_polyline" : {
            "points" : "ci`pBscxaMy@oF}Ao@IOqAv@ZvH^jDJvA}HjCqIvCuGbDcJ`NkLxCwKfj@qb@rp@oUd^sCpIq@fH_@`C{FpGkJ`ToFfSyPzn@aDjWmC|IoJfKgHhI{AdGX~L_@vHkEhG{MzNkFxOyDpFqDtHm@hKoEfE{F|KY~VmCrT{Id[wDnIeEhF}AdDeBjDgFrAwFj@iRxEk}@pV_k@nOiIxBggAdZcbB|d@cuCrz@u|Ard@oElB}EpIcBtL{@v^Y`s@cAnGyFbKa\\`YkPlNo`Ary@o^zd@_MdOkJ~Fi\\vNmZtLmKzHqEfIaC~On@jQyBtV{u@~{ByMr^aCtRfKfy@nRtgAvHhY~CvW|Mnt@~Hze@m@rQg]|qCuH~TqOnT{v@tiA}`@lt@qNbVaVvQcIjC}i@~CwKdDiL`HcPvVgDrP?hUrZ|nBlSdrBzNtvAfGlXvS~{@dOnn@nBvOSvHaGlXaBzTJ`VeGhMgM~CqFe@iq@mIqI[oM`DkQpEsMJeGEmF|A{AzDeI|j@eJfXeZ`r@_Gf]K~d@|Cpc@pF`NdMjGtIdHhItFnBhGvDnRdDlEjJpLwCzJw@xJlA`HuP`D_WjH{XtLeI~EaA`DXtMbInFjO~KGnAxBpFtDpMnKhDpBrDkAjDqCZkGqGyIsOuIwHuNwGgCBw@pBvP`KtBdF~UvTLxFiDrCrHbFpGpLe@|DgRbK_EVgUxBgAxB|CvHlJnL[bCcKzKwGxZoFhZxBzOe@hPaF`H{LrFiHrF}EvJ}JnPcL`HuVtMeGtHg\\noAiLpc@wEtGw~Ax|@qR|LuQ`ZaZje@_QrKuNbKaHrMaW~s@qd@rq@i\\lg@qVx]cJxIyKhFis@t\\ukB~|@oyAtr@{ZhNwW`HuC`BgQbZsg@`jAuK~Ti`@lg@gw@p{@i[pXaNlJw^dKqf@jJo`@jHeOd@iW_Gqp@qQ_OsCmIj@yKrGqpBreBiSlQe[j_@qKxKgKbEsm@fl@{\\z^s_@zx@{Q~a@edBrpC_KjROtFnS~_@jr@fjAtMhTtLbYiBna@sCf[kOtSaTvVy@|Dl@xFuArEklAhKgZ`UyZdXkJ|F}}@rAoVtA}@xP{C`hAwAhYeEthA?~DvC~GlTvTbFxJ~Gl`@|SrwA`Nbq@b]`qAvCnQsKhGoFfEsGdKaC`TgTni@qQrh@sEvTkI~IcOxBmFvB}CnEiBbDyVy^_i@ge@m@Q_ImG_FaE}KtGyG|DqBnAmAtAkDzFyIfOiDjLfDxCpKrR~F|MdKx|@nG|\\u@bPVxL~FxQbKrExa@`X"
         },
         "summary" : "Mumbai - Pune Expy",
         "warnings" : [],
         "waypoint_order" : []
      }
   ],
   "status" : "OK"
}
